{"cameraMode":{"drawMode":0,"name":"Shaded","section":"Shading Mode"},"sceneLighting":true,"audioPlay":false,"sceneViewState":{"m_AlwaysRefresh":false,"showFog":true,"showSkybox":true,"showFlares":true,"showImageEffects":true,"showParticleSystems":true,"showVisualEffectGraphs":true,"m_FxEnabled":false},"in2DMode":false,"pivot":{"x":-90.33201599121094,"y":24.133760452270509,"z":-6.358397483825684},"rotation":{"x":-0.0008708016248419881,"y":-0.9651144742965698,"z":0.2624396085739136,"w":-0.005340166389942169},"size":13.416407585144043,"orthographic":false}