{"cameraMode":{"drawMode":0,"name":"Shaded","section":"Shading Mode"},"sceneLighting":true,"audioPlay":false,"sceneViewState":{"m_AlwaysRefresh":false,"showFog":true,"showSkybox":true,"showFlares":true,"showImageEffects":true,"showParticleSystems":true,"showVisualEffectGraphs":true,"m_FxEnabled":false},"in2DMode":false,"pivot":{"x":-74.03341674804688,"y":-2.1226377487182619,"z":-27.042503356933595},"rotation":{"x":-0.04550645127892494,"y":-0.9522960782051086,"z":0.24397778511047364,"w":-0.17771926522254945},"size":14.733820915222168,"orthographic":false}