{"cameraMode":{"drawMode":0,"name":"Shaded","section":"Shading Mode"},"sceneLighting":true,"audioPlay":false,"sceneViewState":{"m_AlwaysRefresh":false,"showFog":true,"showSkybox":true,"showFlares":true,"showImageEffects":true,"showParticleSystems":true,"showVisualEffectGraphs":true,"m_FxEnabled":false},"in2DMode":false,"pivot":{"x":-15.767104148864746,"y":-70.48233795166016,"z":-167.59547424316407},"rotation":{"x":-0.008238322101533413,"y":0.9747599363327026,"z":-0.22065144777297975,"w":-0.03704271465539932},"size":91.93854522705078,"orthographic":false}