{"cameraMode":{"drawMode":0,"name":"Shaded","section":"Shading Mode"},"sceneLighting":true,"audioPlay":false,"sceneViewState":{"m_AlwaysRefresh":false,"showFog":true,"showSkybox":true,"showFlares":true,"showImageEffects":true,"showParticleSystems":true,"showVisualEffectGraphs":true,"m_FxEnabled":false},"in2DMode":false,"pivot":{"x":-67.91699981689453,"y":1.7209999561309815,"z":-5.406000137329102},"rotation":{"x":0.16364353895187379,"y":0.833970308303833,"z":-0.41584211587905886,"w":0.32600390911102297},"size":0.46120938658714297,"orthographic":false}