{"cameraMode":{"drawMode":0,"name":"Shaded","section":"Shading Mode"},"sceneLighting":true,"audioPlay":false,"sceneViewState":{"m_AlwaysRefresh":false,"showFog":true,"showSkybox":true,"showFlares":true,"showImageEffects":true,"showParticleSystems":true,"showVisualEffectGraphs":true,"m_FxEnabled":false},"in2DMode":false,"pivot":{"x":1.968578577041626,"y":0.8133931159973145,"z":0.40726375579833987},"rotation":{"x":-0.18140985071659089,"y":0.07867714762687683,"z":-0.014562522061169148,"w":-0.98016756772995},"size":7.123610019683838,"orthographic":false}