{"cameraMode":{"drawMode":0,"name":"Shaded","section":"Shading Mode"},"sceneLighting":true,"audioPlay":false,"sceneViewState":{"m_AlwaysRefresh":false,"showFog":true,"showSkybox":true,"showFlares":true,"showImageEffects":true,"showParticleSystems":true,"showVisualEffectGraphs":true,"m_FxEnabled":false},"in2DMode":false,"pivot":{"x":-74.17211151123047,"y":1.7754125595092774,"z":-20.28314781188965},"rotation":{"x":0.08879081159830094,"y":-0.9027866125106812,"z":0.22551892697811128,"w":0.35536330938339236},"size":10.251603126525879,"orthographic":false}