{"cameraMode":{"drawMode":0,"name":"Shaded","section":"Shading Mode"},"sceneLighting":true,"audioPlay":false,"sceneViewState":{"m_AlwaysRefresh":false,"showFog":true,"showSkybox":true,"showFlares":true,"showImageEffects":true,"showParticleSystems":true,"showVisualEffectGraphs":true,"m_FxEnabled":false},"in2DMode":false,"pivot":{"x":7.816365718841553,"y":0.91990065574646,"z":0.3155343532562256},"rotation":{"x":-0.16755275428295136,"y":0.055274151265621188,"z":-0.009410158731043339,"w":-0.9842971563339233},"size":5.053426742553711,"orthographic":false}