{"cameraMode":{"drawMode":0,"name":"Shaded","section":"Shading Mode"},"sceneLighting":true,"audioPlay":false,"sceneViewState":{"m_AlwaysRefresh":false,"showFog":true,"showSkybox":true,"showFlares":true,"showImageEffects":true,"showParticleSystems":true,"showVisualEffectGraphs":true,"m_FxEnabled":false},"in2DMode":false,"pivot":{"x":-64.22785949707031,"y":2.954965353012085,"z":-28.639812469482423},"rotation":{"x":0.004350848961621523,"y":-0.9909685850143433,"z":0.033009618520736697,"w":0.13006608188152314},"size":7.626406669616699,"orthographic":false}